"","","Subtitle C-Provisions Relating to Title III ","",
"Sec. ","10301. ","Plans for a Value-Based purchasing program for ambulatory surgical centers. ","",
"Sec. ","10302. ","Revision to national strategy for quality improvement in health care. ","",
"Sec. ","10303. ","Development of outcome measures. ","",
"Sec. ","10304. ","Selection of efficiency measures. ","",
"Sec. ","10305. ","Data collection; public reporting. ","",
"Sec. ","10306. ","Improvements under the Center for Medicare and Medicaid Innovation. ","",
"Sec. ","10307. ","Improvements to the Medicare shared savings program. ","",
"Sec. ","10308. ","Revisions to national pilot program on payment bundling. ","",
"Sec. Sec. ","10309. 10310. ","Revisions to hospital readmissions reduction program. Repeal of physician payment update. ","",
"Sec. ","10311. ","Revisions to extension of ambulance add-ons. ","",
"Sec. ","10312. ","Certain payment rules for long-term care hospital services and morato- ","",
"","","rium on the establishment of certain hospitals and facilities. ","",
"Sec. ","10313. ","Revisions to the extension for the rural community hospital demonstra- ","",
"","","tion program. ","",
"Sec. ","10314. ","Adjustment to low-volume hospital provision. ","",
"Sec. ","10315. ","Revisions to home health care provisions. ","",
"Sec. ","10316. ","Medicare DSH. ","",
"Sec. ","10317. ","Revisions to extension of section 508 hospital provisions. ","",
"Sec. Sec. Sec. ","10318. 10319. 10320. ","Revisions to transitional extra benefits under Medicare Advantage. Revisions to market basket adjustments. Expansion of the scope of, and additional improvements to, the Inde- ","",
"","","pendent Medicare Advisory Board. ","",
"Sec. ","10321. ","Revision to community health teams. ","",
"Sec. ","10322. ","Quality reporting for psychiatric hospitals. ","",
"Sec. ","10323. ","Medicare coverage for individuals exposed to environmental health haz- ards. ","",
"Sec. ","10324. ","Protections for frontier States. ","",
"Sec. Sec. ","10325. 10326. ","Revision to skilled nursing facility prospective payment system. Pilot testing pay-for-performance programs for certain Medicare pro- viders. ","",
"Sec. Sec. ","10327. 10328. ","Improvements to the physician quality reporting system. Improvement in part D medication therapy management (MTM) pro- grams. ","",
"Sec. Sec. Sec. ","10329. 10330. 10331. ","Developing methodology to assess health plan value. Modernizing computer and data systems of the Centers for Medicare & Medicaid services to support improvements in care delivery. Public reporting of performance information. ","",
"Sec. ","10332. ","Availability of medicare data for performance measurement. ","",
"Sec. ","10333. ","Community-based collaborative care networks. ","",
"Sec. ","10334. ","Minority health. ","",
"Sec. Sec. ","10335. 10336. ","Technical correction to the hospital value-based purchasing program. GAO study and report on Medicare beneficiary access to high-quality dialysis services. ","",
"","","Subtitle D-Provisions Relating to Title IV ","",
"Sec. ","10401. ","Amendments to subtitle A. ","",
"Sec. Sec. ","10402. 10403. ","Amendments to subtitle B. Amendments to subtitle C. ","",
"Sec. ","10404. ","Amendments to subtitle D. ","",
"Sec. ","10405. ","Amendments to subtitle E. ","",
"Sec. ","10406. ","Amendment relating to waiving coinsurance for preventive services. ","",
"Sec. Sec. ","10407. 10408. ","Better diabetes care. Grants for small businesses to provide comprehensive workplace ","",
"","","wellness programs. ","",
"Sec. ","10409. ","Cures Acceleration Network. ","",
"Sec. ","10410. ","Centers of Excellence for Depression. ","",
"Sec. ","10411. ","Programs relating to congenital heart disease. ","",
