"Sec. 10502. Sec. 10503. Sec. 10504. ","Infrastructure to Expand Access to Care. Community Health Centers and the National Health Service Corps Fund. Demonstration project to provide access to affordable care. Subtitle F-Provisions Relating to Title VI ",
"Sec. 10601. ","Revisions to limitation on medicare exception to the prohibition on cer- tain physician referrals for hospitals. ",
"Sec. 10602. ","Clarifications to patient-centered outcomes research. ",
"Sec. 10603. ","Striking provisions relating to individual provider application fees. ",
"Sec. 10604. ","Technical correction to section 6405. ",
"Sec. 10605. ","Certain other providers permitted to conduct face to face encounter for home health services. ",
"Sec. 10606. Sec. 10607. ","Health care fraud enforcement. State demonstration programs to evaluate alternatives to current med- ical tort litigation. ",
"Sec. 10608. ","Extension of medical malpractice coverage to free clinics. ",
"Sec. 10609. ","Labeling changes. ",
"","Subtitle G-Provisions Relating to Title VIII ",
"Sec. 10801. ","Provisions relating to title VIII. ",
"","Subtitle H-Provisions Relating to Title IX ",
"Sec. 10901. ","Modifications to excise tax on high cost employer-sponsored health cov- ",
"Sec. 10902. ","erage. Inflation adjustment of limitation on health flexible spending arrange- ments under cafeteria plans. ",
"Sec. 10903. Sec. 10904. ","Modification of limitation on charges by charitable hospitals. Modification of annual fee on medical device manufacturers and im- porters. ",
"Sec. 10905. Sec. 10906. ","Modification of annual fee on health insurance providers. Modifications to additional hospital insurance tax on high-income tax- payers. ",
"Sec. 10907. ","Excise tax on indoor tanning services in lieu of elective cosmetic med- ical procedures. ",
"Sec. 10908. ","Exclusion for assistance provided to participants in State student loan ",
"Sec. 10909. ","repayment programs for certain health professionals. Expansion of adoption credit and adoption assistance programs. ",
