"Sec. ","9001. ","Excise tax on high cost employer-sponsored health coverage. ",
"Sec. ","9002. ","Inclusion of cost of employer-sponsored health coverage on W-2. ",
"Sec. Sec. Sec. ","9003. 9004. 9005. ","Distributions for medicine qualified only if for prescribed drug or insulin. Increase in additional tax on distributions from HSAs and Archer MSAs not used for qualified medical expenses. Limitation on health flexible spending arrangements under cafeteria plans. ",
"Sec. ","9006. ","Expansion of information reporting requirements. ",
"Sec. Sec. Sec. ","9007. 9008. 9009. ","Additional requirements for charitable hospitals. Imposition of annual fee on branded prescription pharmaceutical manu- facturers and importers. Imposition of annual fee on medical device manufacturers and import- ers. ",
"Sec. ","9010. ","Imposition of annual fee on health insurance providers. ",
"Sec. ","9011. ","Study and report of effect on veterans health care. ",
"Sec. ","9012. ","Elimination of deduction for expenses allocable to Medicare Part D sub- sidy. ",
"Sec. Sec. ","9013. 9014. ","Modification of itemized deduction for medical expenses. Limitation on excessive remuneration paid by certain health insurance providers. ",
"Sec. ","9015. ","Additional hospital insurance tax on high-income taxpayers. ",
"Sec. ","9016. ","Modification of section 833 treatment of certain health organizations. ",
"Sec. ","9017. ","Excise tax on elective cosmetic medical procedures. ",
