"Figure ","","Page ",
"4-4 ","High Gain Antenna Assembly ","38 ",
"4-5 ","LCRU Battery ","39 ",
"4-6 ","LCRU Battery Replacement ","40 ",
"4-6a ","Battery Depletion Curve ","41 ",
"4-7 ","Pointing High Gain Antenna ","42 ",
"4-8 ","High Gain Antenna Handle Positions ","43 ",
"4-9 ","LCRU HGA Optical Sight ","44 ",
"4-10 ","Sector Mask and Reticle ","45 ",
"4-11 ","Reticle Appearance, Large Earth-Sun Angle ( > 8-1/2°) ","46 ",
"4-12 ","Reticle Appearance, Small Earth-Sun Angle (>4° Y 8-1/2°) ","46 ",
"4-13 ","Reticle Appearance, Close Earth-Sun Angle ( 4°) ","47 ",
"4-14 ","Reticle Appearance, Close Earth-Sun Angle ( < 4°) ","47 ",
"4-15 ","LCRU HGA & LGA Antenna Connector Inlet ","48 ",
"4-16 ","LCRU Hand Carry Mode ","49 ",
"5-1 ","LCRU Thermal Blanket ","50 ",
"5-1a ","LCRU Unit ","51 ",
"5-2 ","Deleted ","52 ",
"5-3 ","LRV Parking Attitudes ","53 ",
