"Section ","","Page ",
"1.0 ","LCRU System Description ","1 ",
"1.1 ","Introduction ","1 ",
"1.2 ","Functional Description ","1 ",
"1.3 ","Major Components ","3 ",
"1.3.1 ","LCRU Unit ","3 ",
"1.3.2 ","Battery ","9 ",
"1.3.3 ","Low Gain Antenna (LGA) ","10 ",
"1.3.4 ","High Gain Antenna ","12 ",
"1.4 ","System Communications Links ","15 ",
"1.4. 1 ","Mobile ","15 ",
"1.4.2 ","Fixed ","15 ",
"1.4.3 ","Remote TV (Ascent TV) ","16 ",
"1.4.- 4 ","Handcarry ","16 ",
"1.5 ","Controls and Displays ","17 ",
"1.6 ","Thermal Consideration for Lunar Crew Training ","21 ",
"1.6.1 ","Introduction ","21 ",
"1.6.2 ","Radiation Cooling ","21 ",
"1.6.3 ","Phase Change Material and Radiation Thermal Control ","22 ",
"1.6.4 ","Parking Orientation ","24 ",
"1.6.5 ","Walk Mode and Walk-Back Considerations ","24 ",
"1.7 ","Operational Limitations and Restrictions ","26 ",
"2.0 ","Malfunction Procedures ","28 ",
"- ","Procedures ","54 ",
