key,value
"",""
"VHF Transmitter ",""
"Signal Processors ",""
"VHF Triplexer ","DC-DC Converter "
"","This page deleted "
"Voltage ","Regulator "
"CAUTION: ","Do not strike LCRU lower surface on MESA since this surface contains the thermal radiator mirrors which are extremely fragile. "
"Control Panel ",""
"(located on bulkhead) Battery Access Compartment ","at Wax Pkg #3 ED "
"",""
"Radiator/Wax Pkg ","#1 "
"Basic Date ",""
"Change Date ",""
"Page ",""
"LCRU Unit ","(Bottom View) "
"",""
"52 ",""
