"Step ","Procedure ","Remarks ",
"","4.2 LCRU SUBSYSTEM INSTALLATION ","This sequence is used to install the LCRU unit, high gain antenna, and low gain antenna. ",
"","4.2.1 MOUNT LCRU ON LRV AT LRV ","",
"1 ","LCRU support locking-levers (2) Vertical position. ","",
"2 ","Remove the nearest LRV velcro tie-down, and remove GCTA cable connector from LRV stowage adapter. ","Leave cable in other velcro tie-downs. ",
"3 ","Place GCTA connector on LRV center battery cover. ","",
"4 ","Remove and discard GCTA connector stowage adapter. ","",
"","AT MESA ","",
"5 ","Pull Pallet No. 1 lanyard to remove pip pins (2) holding LCRU to pallet. ","",
"6 ","Raise LCRU from pallet by using LCRU handle. Do not remove pallet. CAUTION: Do not strike LCRU lower surface on MESA since this surface contains the thermal radiator mirrors which are extremely fragile. ","",
"7 ","Rotate LCRU by the handle until the control panel faces to the right. Place the other hand under the bottom surface and place the LCRU in a horizontal position on top of the MESA table. ","",
